{"cameraMode":{"drawMode":0,"name":"Shaded","section":"Shading Mode"},"sceneLighting":true,"audioPlay":false,"sceneViewState":{"showFog":true,"showMaterialUpdate":true,"showSkybox":true,"showFlares":true,"showImageEffects":true,"showParticleSystems":true},"in2DMode":false,"pivot":{"x":-6.502724647521973,"y":-7.099252700805664,"z":-2.449856758117676},"rotation":{"x":-0.1974409520626068,"y":0.802455723285675,"z":-0.39091408252716067,"w":-0.40529993176460268},"size":37.613712310791019,"orthographic":false}