{"cameraMode":{"drawMode":0,"name":"Shaded","section":"Shading Mode"},"sceneLighting":false,"audioPlay":false,"sceneViewState":{"showFog":false,"showMaterialUpdate":true,"showSkybox":true,"showFlares":true,"showImageEffects":true,"showParticleSystems":true},"in2DMode":false,"pivot":{"x":5.185544013977051,"y":-5.6923298835754398,"z":-0.38930776715278628},"rotation":{"x":0.2970423698425293,"y":0.6419922709465027,"z":-0.29739731550216677,"w":0.6412227153778076},"size":21.71833610534668,"orthographic":false}